{
  "handler": "Microsoft.Compute.MultiVm",
  "version": "0.1.2-preview",
  "parameters": {
    "basics": [
    ],
    "steps": [
      {
        "name": "Org",
        "label": "Cloud Governance",
        "subLabel": {
          "preValidation": "Please fill in the Details",
          "postValidation": "Done"
        },
        "bladeTitle": "Cloud Governance",
        "elements": [
          {
            "name": "environment",
            "type": "Microsoft.Common.OptionsGroup",
            "label": "Select Environment",
            "defaultValue": "Development",
            "toolTip": "Tooltip",
            "constraints": {
              "allowedValues": [
                {
                  "label": "Dev",
                  "value": "dev"
                },
                {
                  "label": "Test",
                  "value": "tst"
                },
                {
                  "label": "Prod",
                  "value": "prod"
                }
              ],
              "required": true
            },
            "visible": true
          },
          {
            "name": "owner",
            "type": "Microsoft.Common.TextBox",
            "label": "Owner Email",
            "defaultValue": "",
            "toolTip": "Enter email here",
            "constraints": {
              "required": true,
              "regex": "^([a-zA-Z0-9_\\-\\.]+)@([a-zA-Z0-9_\\-\\.]+)\\.([a-zA-Z]{2,5})$",
              "validationMessage": "Only valid email adresses"
            },
            "visible": true
          }

        ]
      }

    ],
    "outputs": {
      "ownerEmail": "[steps('Org').owner]",
      "environment": "[steps('Org').environment]",
      "location": "[location()]",
      "RG": "[resourceGroup().name]"
    }
  }
}