{
  "$schema": "https://schema.management.azure.com/schemas/2018-05-01/subscriptionDeploymentTemplate.json#",
  "contentVersion": "1.0.0.0",
  "parameters": {
    "RG": {
      "type": "string"
    },
    "Location": {
      "type": "string"
    },
    "ownerEmail": {
      "type": "string"
    },
    "environment": {
      "type": "string"
    }
  },
  "resources": [
    {
      "type": "Microsoft.Resources/resourceGroups",
      "apiVersion": "2018-05-01",
      "location": "[parameters('Location')]",
      "name": "[parameters('RG')]",
      "properties": {}, 
      "tags": {
        "Owner": "[parameters('ownerEmail')]",
        "Environment": "[parameters('environment')]"
      }
    }
  ],
  "outputs": {}
}