{
    "$schema": "https://schema.management.azure.com/schemas/2015-01-01/deploymentTemplate.json#",
    "contentVersion": "1.0.0.0",
  "parameters": {
    "rgName": {
      "type": "string"
    },
    "rgLocation": {
      "type": "string"
    },
    "ownerEmail": {
      "type": "string"
    },
    "environment": {
      "type": "string"
    }
  },
  "resources": [
    {
      "type": "Microsoft.Resources/resourceGroups",
      "apiVersion": "2018-05-01",
      "location": "[parameters('rgLocation')]",
      "name": "[parameters('rgName')]",
      "properties": {},
      "tags": {
        "Owner": "[parameters('ownerEmail')]",
        "Environment": "[parameters('environment')]"
      }
    }
  ],
    "outputs": {}
}